<?xml version="1.0" encoding="UTF-8"?>
<beans xmlns="http://www.springframework.org/schema/beans" xmlns:xsi="http://www.w3.org/2001/XMLSchema-instance"
    xmlns:context="http://www.springframework.org/schema/context"
    xmlns:aop="http://www.springframework.org/schema/aop"
    xmlns:jdbc="http://www.springframework.org/schema/jdbc"
    xmlns:tx="http://www.springframework.org/schema/tx"
    xmlns:jpa="http://www.springframework.org/schema/data/jpa"
    xsi:schemaLocation="http://www.springframework.org/schema/beans http://www.springframework.org/schema/beans/spring-beans-3.1.xsd
          http://www.springframework.org/schema/data/jpa http://www.springframework.org/schema/data/jpa/spring-jpa.xsd
          http://www.springframework.org/schema/context http://www.springframework.org/schema/context/spring-context-3.1.xsd
          http://www.springframework.org/schema/aop http://www.springframework.org/schema/aop/spring-aop-3.1.xsd
          http://www.springframework.org/schema/jdbc http://www.springframework.org/schema/jdbc/spring-jdbc-3.1.xsd
          http://www.springframework.org/schema/tx http://www.springframework.org/schema/tx/spring-tx-3.1.xsd">  

	<description>日志配置</description>
	
	<!-- JPA配置 -->
	<bean id="entityManagerFactory" class="org.springframework.orm.jpa.LocalContainerEntityManagerFactoryBean"> 
		<property name="dataSource" ref="hisdb" />
		<property name="jpaVendorAdapter" ref="hibernateJpaVendorAdapter" />
		<property name="packagesToScan" value="entity" />
		<property name="jpaProperties">
			<props>
				<prop key="hibernate.ejb.naming_strategy">org.hibernate.cfg.ImprovedNamingStrategy</prop>
				<prop key="hibernate.show_sql">false</prop>
			</props>
		</property>
	</bean>
	
	<bean id="hibernateJpaVendorAdapter" class="org.springframework.orm.jpa.vendor.HibernateJpaVendorAdapter">
		<property name="databasePlatform" value="org.hibernate.dialect.Oracle10gDialect" />
	</bean>
	
 	<jpa:repositories base-package="will.com" transaction-manager-ref="defaultTransactionManager" entity-manager-factory-ref="entityManagerFactory" />

	<bean id="defaultTransactionManager" class="org.springframework.orm.jpa.JpaTransactionManager">
		<property name="entityManagerFactory" ref="entityManagerFactory" />
	</bean>

	<tx:annotation-driven transaction-manager="defaultTransactionManager" proxy-target-class="true" />
	
	<!-- 定期读取系统配置信息 -->
	<bean class="org.springframework.scheduling.concurrent.ScheduledExecutorFactoryBean" lazy-init="false">
		<property name="continueScheduledExecutionAfterException" value="true" />
		<property name="scheduledExecutorTasks">
			<list>
				<ref bean="configExecutorTask" />
			</list>
		</property>
	</bean>

	<bean id="configExecutorTask" class="org.springframework.scheduling.concurrent.ScheduledExecutorTask">
		<property name="runnable" ref="executorJob" />
		<property name="timeUnit" value="SECONDS" />
		<property name="delay" value="10" />
		<property name="period" value="6000" />
	</bean>

	<bean id="executorJob" class="Utils.tool.SysExecutorJob"/>
	
</beans>