<?xml version="1.0"?>
<!DOCTYPE beans PUBLIC "-//SPRING//DTD BEAN//EN" "http://www.springframework.org/dtd/spring-beans.dtd">
<beans>
	<bean id="hisdb" class="org.apache.commons.dbcp.BasicDataSource"
		destroy-method="close">

		<!-- 
		五院
		<property name="url" value="jdbc:oracle:thin:@192.192.192.196:1521:hisdb" />
		
		五院测试
		<property name="url" value="jdbc:oracle:thin:@192.192.216.220:1521:hisdb" />
		
		华山
		<property name="url" value="jdbc:oracle:thin:@128.0.252.250:1521:hisdb2" />
		
		华山北院
		<property name="url" value="jdbc:oracle:thin:@128.100.200.86:1521:hisdb1" />
		<property name="url" value="jdbc:oracle:thin:@hisrac-scan.hsbydbdomain.com:1521/hisdb" />
		
		红房子杨浦
		<property name="url" value="jdbc:oracle:thin:@172.168.7.12:1521:hisdb1" />
		
		红房子黄埔
		<property name="url" value="jdbc:oracle:thin:@192.168.2.242:1521:his2" />
		
		公司
		<property name="url" value="jdbc:oracle:thin:@WIN7-WILL-HISDB:1521:hisdb" />

		利群
		<property name="url" value="jdbc:oracle:thin:@lqhisscan.lqhosp.com:1521/hisdb" />
    	<property name="url" value="jdbc:oracle:thin:@(DESCRIPTION =(ADDRESS = (PROTOCOL = TCP)(HOST = lqhisscan.lqhosp.com)(PORT = 1521))(CONNECT_DATA =(SERVER = DEDICATED)(SERVICE_NAME = hisdb)))" />
    	<property name="url" value="jdbc:oracle:thin:@128.0.254.22:1521:hisdb1" />
		<property name="url" value="jdbc:oracle:thin:@(DESCRIPTION =(ADDRESS = (PROTOCOL = TCP)(HOST = 128.0.254.26)(PORT = 1521))(ADDRESS = (PROTOCOL = TCP)(HOST = 128.0.254.36)(PORT = 1521))(LOAD_BALANCE = yes)(FAILOVER = ON)(CONNECT_DATA =(SERVER = DEDICATED)(SERVICE_NAME = hisdb)(FAILOVER_MODE=(TYPE = SELECT)(METHOD = BASIC)(RETIRES = 20)(DELAY = 15)))) " />
		
		五院虚拟机(陆)
		<property name="url" value="jdbc:oracle:thin:@WIN_WY_HISDB:1521/hisdb"/>
		五院虚拟机
		<property name="url" value="jdbc:oracle:thin:@10.111.3.23:1521/hisdb"/>
		北院虚拟机
		<property name="url" value="jdbc:oracle:thin:@WIN7-WILL-HISDB:1521/hisdb" />
		--> 

		<property name="url" value="jdbc:oracle:thin:@10.111.3.25:1521/hisdb" />

		<property name="username" value="hu_clinic" />
		<property name="password" value="hisclinic" />
		<property name="maxIdle" value="3" />
		<property name="maxActive" value="30" />
		<property name="maxWait" value="5000" />
		<property name="removeAbandoned" value="true" />
		<property name="removeAbandonedTimeout" value="5" />
		<property name="testOnBorrow" value="true" />
		<property name="testOnReturn" value="true" />
		<property name="testWhileIdle" value="true" />
	</bean>

	<bean id="hisdbRemote" class="org.apache.commons.dbcp.BasicDataSource"
		destroy-method="close">
		<property name="driverClassName" value="oracle.jdbc.driver.OracleDriver" />
		<property name="url" value="jdbc:oracle:thin:@128.100.200.86:1521:hisdb" />
		<property name="username" value="hu_clinic" />
		<property name="password" value="hisclinic" />
		<property name="maxIdle" value="3" />
		<property name="maxActive" value="30" />
		<property name="maxWait" value="5000" />
		<property name="removeAbandoned" value="true" />
		<property name="removeAbandonedTimeout" value="5" />
		<property name="testOnBorrow" value="true" />
		<property name="testOnReturn" value="true" />
		<property name="testWhileIdle" value="true" />
	</bean>

	<bean id="transactionManager"
		class="org.springframework.jdbc.datasource.DataSourceTransactionManager">
		<property name="dataSource" ref="hisdb" />
	</bean>
</beans>
